{"mel_mean": -5.517025947570801, "mel_std": 2.0643999576568604}